ï»¿Name (Legal),DT,ID_RSSD,RISKG506,RISKM362,RISKM370,RISKM376,RISKM390,RISKM405,RISKM408,RISKM411,RISKM422,RISKM426,RISKN255,RISKY832,RISIG506,RISIM362,RISIM370,RISIM376,RISIM390,RISIM405,RISIM408,RISIM411,RISIM422,RISIM426,RISIN255,RISIY832,RISOG506,RISOM362,RISOM370,RISOM376,RISOM390,RISOM405,RISOM408,RISOM411,RISOM422,RISOM426,RISON255,RISOY832,,,,,,,,,,,,,,,,,,,,,,,,,
"CHARLES SCHWAB CORPORATION, THE",20211231,1026632,0,22318000,3548000,191550000,630943000,8107132000,0,9436000,14725000,16988000,84328000,633915400,,,,,,,,,,,,,,,,,,,,,,,,,,,,,,,,,,,,,,,,,,,,,,,,,
SVB FINANCIAL GROUP,20211231,1031449,269000,66730000,49389000,46439000,2063211000,279000,44490000,32496000,18273000,47760000,2164000,228691800,,,,,,,,,,,,,,,,,,,,,,,,,,,,,,,,,,,,,,,,,,,,,,,,,
M&T BANK CORPORATION,20211231,1037003,11728,4464969,25157770,26048698,1934792033,125282862,414750,56933283,386546,55455,548988,170826544,,,,,,,,,,,,,,,,,,,,,,,,,,,,,,,,,,,,,,,,,,,,,,,,,
JPMORGAN CHASE & CO.,20211231,1039502,17478000,358995000,482190000,858162000,500425870000,34006821000,768143000,47969068000,926216000,833201000,207994000,4621786800,,,,,,,,,,,,,,,,,,,,,,,,,,,,,,,,,,,,,,,,,,,,,,,,,
KEYCORP,20211231,1068025,62057,2879683,4517550,37410281,1427243649,119572886,16901562,134718617,1982000,0,5034564,225723659,,,,,,,,,,,,,,,,,,,,,,,,,,,,,,,,,,,,,,,,,,,,,,,,,
HUNTINGTON BANCSHARES INCORPORATED,20211231,1068191,3948552,4226557,2506384,32676552,487685822,135322346,6442732,75804506,1834000,13000,7510206,191631822,,,,,,,,,,,,,,,,,,,,,,,,,,,,,,,,,,,,,,,,,,,,,,,,,
"PNC FINANCIAL SERVICES GROUP, INC., THE",20211231,1069778,5881444,35599781,20216000,133315137,4310713000,125032810,42137000,499887000,11576000,9783000,26169693,659461385,,,,,,,,,,,,,,,,,,,,,,,,,,,,,,,,,,,,,,,,,,,,,,,,,
FIFTH THIRD BANCORP,20211231,1070345,1286584,3232796,8578137,45090171,1449676528,446878200,12272830,155640827,3089000,351044,13765658,249853283,,,,,,,,,,,,,,,,,,,,,,,,,,,,,,,,,,,,,,,,,,,,,,,,,
BANK OF AMERICA CORPORATION,20211231,1073757,10672000,239439000,152543000,708804000,156944930000,4264274000,654128000,32221454000,508185000,391780000,185102000,3683185300,,,,,,,,,,,,,,,,,,,,,,,,,,,,,,,,,,,,,,,,,,,,,,,,,
TRUIST FINANCIAL CORPORATION,20211231,1074156,2686000,7120000,7906000,128537000,1296787000,72480000,35378000,268837000,3901000,2913000,18837000,623849900,,,,,,,,,,,,,,,,,,,,,,,,,,,,,,,,,,,,,,,,,,,,,,,,,
STATE STREET CORPORATION,20211231,1111435,0,58249576,270261753,48815216,107290070199,32844615931,0,2540578000,110730000,202044000,17658758,335989705,,,,,,,,,,,,,,,,,,,,,,,,,,,,,,,,,,,,,,,,,,,,,,,,,
U.S. BANCORP,20211231,1119794,4350000,27984000,15348000,142963000,11874505000,2448205000,35479000,747086000,13645000,32482000,22505000,708472500,,,,,,,,,,,,,,,,,,,,,,,,,,,,,,,,,,,,,,,,,,,,,,,,,
WELLS FARGO & COMPANY,20211231,1120754,19751000,177145077,118292615,391759916,58615976633,3493138858,258062553,8903499750,176250000,58814189,89044744,2343923312,,,,,,,,,,,,,,,,,,,,,,,,,,,,,,,,,,,,,,,,,,,,,,,,,
"CITIZENS FINANCIAL GROUP, INC.",20211231,1132449,1067336,4215231,7232324,32903259,721654593,3167490,6986165,195792366,3485000,316000,4479983,220971187,,,,,,,,,,,,,,,,,,,,,,,,,,,,,,,,,,,,,,,,,,,,,,,,,
NORTHERN TRUST CORPORATION,20211231,1199611,0,37268022,26585091,29856455,65148190247,12612300000,0,340241058,49169000,98230000,16779391,178125972,,,,,,,,,,,,,,,,,,,,,,,,,,,,,,,,,,,,,,,,,,,,,,,,,
BANK OF MONTREAL,20211231,1231333,,,,,,,,,,,,,,,,,,,,,,,,,658695,91908322,34827695,70063958,12531000948,296102018,30580514,61773460,58085000,9432000,6678055,350650809,,,,,,,,,,,,,,,,,,,,,,,,,
CANADIAN IMPERIAL BANK OF COMMERCE,20211231,1231342,,,,,,,,,,,,,,,,,,,,,,,,,514,14461572,9669432,39779860,3542108360,41898824,12041561,39877929,36660491,2083541,497978,152269192,,,,,,,,,,,,,,,,,,,,,,,,,
BARCLAYS PLC,20211231,1231418,,,,,,,,,,,,,,,,,,,,,,,,,3449000,19764000,2026000,20678000,44313434000,51212000,150271000,298946000,79845000,28555000,7391000,315161900,,,,,,,,,,,,,,,,,,,,,,,,,
BNP PARIBAS,20211231,1231968,,,,,,,,,,,,,,,,,,,,,,,,,147958,33064313,24581142,24527767,24241912044,997864293,53039778,129264374,50698494,19118521,2266406,314849037,,,,,,,,,,,,,,,,,,,,,,,,,
ROYAL BANK OF CANADA,20211231,1232497,,,,,,,,,,,,,,,,,,,,,,,,,235511,58004993,51788992,43217438,10310204039,562554438,142917329,67080406,68643885,17019125,8815656,421724319,,,,,,,,,,,,,,,,,,,,,,,,,
"TORONTO-DOMINION BANK, THE",20211231,1238565,,,,,,,,,,,,,,,,,,,,,,,,,47939,31564589,9136649,37341964,10009475956,8850834,66184479,4422980520,82218425,13002878,68646104,640972226,,,,,,,,,,,,,,,,,,,,,,,,,
"BANK OF NOVA SCOTIA, THE",20211231,1238967,,,,,,,,,,,,,,,,,,,,,,,,,0,13208493,17624985,26536420,15948641442,2321429,37568814,0,77572437,16687603,1460292,171732056,,,,,,,,,,,,,,,,,,,,,,,,,
"BANCO SANTANDER, S.A.",20211231,1239254,,,,,,,,,,,,,,,,,,,,,,,,,115529,16888314,40266555,48081875,4025423678,0,24938913,527653718,10445660,14074177,2128153,233094013,,,,,,,,,,,,,,,,,,,,,,,,,
SOCIETE GENERALE,20211231,1242375,,,,,,,,,,,,,,,,,,,,,,,,,143287,26885629,1565710,3835468,11583147817,47214874,19994653,31590850,35684404,19664506,1949055,186279477,,,,,,,,,,,,,,,,,,,,,,,,,
DEUTSCHE BANK AKTIENGESELLSCHAFT,20211231,1242423,,,,,,,,,,,,,,,,,,,,,,,,,5013000,44738000,54857000,61945000,79912362000,83607000,126982000,4876990000,66003000,28972000,10714000,381859000,,,,,,,,,,,,,,,,,,,,,,,,,
BMO FINANCIAL CORP.,20211231,1245415,,,,,,,,,,,,,642692,46108596,34028637,16499831,8463526359,296102018,30580514,50431096,5391000,6570000,4986585,233971949,,,,,,,,,,,,,,,,,,,,,,,,,,,,,,,,,,,,,
AMERICAN EXPRESS COMPANY,20211231,1275216,32000,4508000,7851000,155519000,215725000,0,0,45406000,34445000,15128000,683000,222572900,,,,,,,,,,,,,,,,,,,,,,,,,,,,,,,,,,,,,,,,,,,,,,,,,
MUFG AMERICAS HOLDINGS CORPORATION,20211231,1378434,,,,,,,,,,,,,962606,26085773,11860446,13236986,3065847183,32950179,68835442,154905386,9908000,6887339,17923987,189419806,,,,,,,,,,,,,,,,,,,,,,,,,,,,,,,,,,,,,
ALLY FINANCIAL INC.,20211231,1562859,30000,5911000,4074000,68236000,106668000,0,0,18169000,842000,255000,12204000,189873100,,,,,,,,,,,,,,,,,,,,,,,,,,,,,,,,,,,,,,,,,,,,,,,,,
"CREDIT SUISSE HOLDINGS (USA), INC.",20211231,1574834,,,,,,,,,,,,,1529684,11983028,1708330,1052209,40031642527,62648791,276321729,212796530,52144000,7854536,13651871,124019636,,,,,,,,,,,,,,,,,,,,,,,,,,,,,,,,,,,,,
"BNP PARIBAS USA, INC.",20211231,1575569,,,,,,,,,,,,,147958,17958033,10701103,6669289,13085261200,9828798,53039778,67114766,16272000,5149370,2217449,189033877,,,,,,,,,,,,,,,,,,,,,,,,,,,,,,,,,,,,,
CREDIT SUISSE GROUP AG,20211231,1647970,,,,,,,,,,,,,,,,,,,,,,,,,2209681,21825087,4944838,30388014,52213320896,62648791,270843003,1094935849,54475560,15548773,15000560,229879863,,,,,,,,,,,,,,,,,,,,,,,,,
HSBC HOLDINGS PLC,20211231,1857108,,,,,,,,,,,,,,,,,,,,,,,,,361714,45447160,33516884,23588573,46902620114,660959180,38444685,3568581807,28842000,0,24634566,316461761,,,,,,,,,,,,,,,,,,,,,,,,,
CITIGROUP INC.,20211231,1951350,14753000,211760000,285137000,488491000,194769456000,21288198000,554476000,38342072000,1057092000,1150862000,99787000,2995566200,,,,,,,,,,,,,,,,,,,,,,,,,,,,,,,,,,,,,,,,,,,,,,,,,
MORGAN STANLEY,20211231,2162966,12688000,230906000,53626000,429085000,15120752000,3826938000,481754000,31034042000,375133000,310050000,117777000,1501296300,,,,,,,,,,,,,,,,,,,,,,,,,,,,,,,,,,,,,,,,,,,,,,,,,
CAPITAL ONE FINANCIAL CORPORATION,20211231,2277860,391060,46391781,5595494,110212750,1148657137,7,7023704,197566522,10457000,987346,12640614,501087620,,,,,,,,,,,,,,,,,,,,,,,,,,,,,,,,,,,,,,,,,,,,,,,,,
"GOLDMAN SACHS GROUP, INC., THE",20211231,2380443,24775000,274762000,105667000,513041000,14741632000,1654189000,473468000,39778117000,687279000,533548000,146837000,1915103600,,,,,,,,,,,,,,,,,,,,,,,,,,,,,,,,,,,,,,,,,,,,,,,,,
DB USA CORPORATION,20211231,2816906,,,,,,,,,,,,,179000,28128000,15925000,17000,56201345000,83588000,126982000,31549000,36904000,15334000,4931000,148942800,,,,,,,,,,,,,,,,,,,,,,,,,,,,,,,,,,,,,
"MITSUBISHI UFJ FINANCIAL GROUP, INC.",20211231,2961897,,,,,,,,,,,,,,,,,,,,,,,,,3847149,50447322,27593246,87467194,10438524138,303440767,68835442,991792984,73835364,30118513,28508307,452274189,,,,,,,,,,,,,,,,,,,,,,,,,
"SUMITOMO MITSUI FINANCIAL GROUP, INC.",20211231,3133262,,,,,,,,,,,,,,,,,,,,,,,,,1107698,78168585,11108864,72562628,7127660483,0,41308544,3383211891,87027680,25157022,3586212,318264921,,,,,,,,,,,,,,,,,,,,,,,,,
"MIZUHO FINANCIAL GROUP, INC.",20211231,3185355,,,,,,,,,,,,,,,,,,,,,,,,,28664,36237657,134652531,37995521,52567655825,329623119,81611851,6522050851,150959142,22131058,9928205,393551710,,,,,,,,,,,,,,,,,,,,,,,,,
HSBC NORTH AMERICA HOLDINGS INC.,20211231,3232316,,,,,,,,,,,,,361714,45447160,33516884,23588573,46902620114,660959180,38444685,3568581807,28842000,0,24634565,316461761,,,,,,,,,,,,,,,,,,,,,,,,,,,,,,,,,,,,,
REGIONS FINANCIAL CORPORATION,20211231,3242838,523000,7112000,3967000,28268000,626041000,31347000,7138000,136754000,1224000,951000,5197000,191454600,,,,,,,,,,,,,,,,,,,,,,,,,,,,,,,,,,,,,,,,,,,,,,,,,
"BANK OF NEW YORK MELLON CORPORATION, THE",20211231,3587146,0,79438000,300770000,77650000,233996477000,36923000000,23751000,1118258000,127408000,192476000,46736000,478666100,,,,,,,,,,,,,,,,,,,,,,,,,,,,,,,,,,,,,,,,,,,,,,,,,
TD GROUP US HOLDINGS LLC,20211231,3606542,,,,,,,,,,,,,47939,17850631,6581206,7235147,9680010174,8850834,66184479,326302222,57259000,12782110,65730294,565264869,,,,,,,,,,,,,,,,,,,,,,,,,,,,,,,,,,,,,
DISCOVER FINANCIAL SERVICES,20211231,3846375,0,11437999,1266,74671182,508489494,0,0,6461240,55000,18000,3064933,132404966,,,,,,,,,,,,,,,,,,,,,,,,,,,,,,,,,,,,,,,,,,,,,,,,,
"SANTANDER HOLDINGS USA, INC.",20211231,3981856,,,,,,,,,,,,,115529,4487844,24878651,40851709,270580641,0,24938913,62260457,4453404,11240081,1376416,171206524,,,,,,,,,,,,,,,,,,,,,,,,,,,,,,,,,,,,,
UBS GROUP AG,20211231,4795461,,,,,,,,,,,,,,,,,,,,,,,,,2902795,34055286,65557276,3470577,1276507729,2019540171,28083884,949064578,46585445,29157163,7271738,329675992,,,,,,,,,,,,,,,,,,,,,,,,,
UBS AMERICAS HOLDING LLC,20211231,4846998,,,,,,,,,,,,,2484904,10626085,33925685,58141,603907420,2019540171,28083884,51813433,14769000,16571313,5245988,222595379,,,,,,,,,,,,,,,,,,,,,,,,,,,,,,,,,,,,,
BARCLAYS US LLC,20211231,5006575,,,,,,,,,,,,,176000,19122000,1773000,6740000,36766512000,26784000,150271000,283345000,64146000,26950000,7391000,233108400,,,,,,,,,,,,,,,,,,,,,,,,,,,,,,,,,,,,,
DWS USA CORPORATION,20211231,5149016,,,,,,,,,,,,,264507,372782,0,136632,1786507,0,0,0,319251,190232,285963,2289389,,,,,,,,,,,,,,,,,,,,,,,,,,,,,,,,,,,,,
RBC US GROUP HOLDINGS LLC,20211231,5280254,,,,,,,,,,,,,127311,23364544,40284088,1016067,8267869100,562554438,142917329,42722315,11642000,7969870,8680138,194127965,,,,,,,,,,,,,,,,,,,,,,,,,,,,,,,,,,,,,
,,,,,,,,,,,,,,,,,,,,,,,,,,,,,,,,,,,,,,,,,,,,,,,,,,,,,,,,,,,,,,,
,,,,,,,,,,,,,,,,,,,,,,,,,,,,,,,,,,,,,,,,,,,,,,,,,,,,,,,,,,,,,,,
,,,,,,,,,,,,,,,,,,,,,,,,,,,,,,,,,,,,,,,,,,,,,,,,,,,,,,,,,,,,,,,
,,,,,,,,,,,,,,,,,,,,,,,,,,,,,,,,,,,,,,,,,,,,,,,,,,,,,,,,,,,,,,,
